filename,width,height,class,xmin,ymin,xmax,ymax
im1_png.rf.77994772c93e3d8da60dfa4ff5a45726.jpg,640,640,cars,106,427,192,572
im1_png.rf.77994772c93e3d8da60dfa4ff5a45726.jpg,640,640,cars,188,346,238,406
im1_png.rf.77994772c93e3d8da60dfa4ff5a45726.jpg,640,640,cars,322,315,370,367
im1_png.rf.77994772c93e3d8da60dfa4ff5a45726.jpg,640,640,cars,271,266,305,308
im1_png.rf.77994772c93e3d8da60dfa4ff5a45726.jpg,640,640,cars,316,257,350,293
im1_png.rf.77994772c93e3d8da60dfa4ff5a45726.jpg,640,640,cars,245,237,275,279
im1_png.rf.77994772c93e3d8da60dfa4ff5a45726.jpg,640,640,cars,268,210,287,235
im1_png.rf.77994772c93e3d8da60dfa4ff5a45726.jpg,640,640,cars,548,205,574,244
im1_png.rf.77994772c93e3d8da60dfa4ff5a45726.jpg,640,640,cars,512,198,538,229
im1_png.rf.77994772c93e3d8da60dfa4ff5a45726.jpg,640,640,cars,503,184,520,214
im1_png.rf.77994772c93e3d8da60dfa4ff5a45726.jpg,640,640,cars,280,559,366,640
im1_png.rf.a113e09bc8d532531cf5afdb44fb3732.jpg,640,640,cars,106,427,192,572
im1_png.rf.a113e09bc8d532531cf5afdb44fb3732.jpg,640,640,cars,189,346,238,406
im1_png.rf.a113e09bc8d532531cf5afdb44fb3732.jpg,640,640,cars,322,315,370,367
im1_png.rf.a113e09bc8d532531cf5afdb44fb3732.jpg,640,640,cars,271,266,305,308
im1_png.rf.a113e09bc8d532531cf5afdb44fb3732.jpg,640,640,cars,317,257,350,293
im1_png.rf.a113e09bc8d532531cf5afdb44fb3732.jpg,640,640,cars,245,237,275,279
im1_png.rf.a113e09bc8d532531cf5afdb44fb3732.jpg,640,640,cars,268,210,287,235
im1_png.rf.a113e09bc8d532531cf5afdb44fb3732.jpg,640,640,cars,549,205,574,244
im1_png.rf.a113e09bc8d532531cf5afdb44fb3732.jpg,640,640,cars,512,198,538,229
im1_png.rf.a113e09bc8d532531cf5afdb44fb3732.jpg,640,640,cars,503,184,520,215
im1_png.rf.a113e09bc8d532531cf5afdb44fb3732.jpg,640,640,cars,280,559,366,640
im1_png.rf.43cf4accfad03279abcc35e4a6cab782.jpg,640,640,cars,106,427,192,572
im1_png.rf.43cf4accfad03279abcc35e4a6cab782.jpg,640,640,cars,188,346,238,406
im1_png.rf.43cf4accfad03279abcc35e4a6cab782.jpg,640,640,cars,322,315,370,367
im1_png.rf.43cf4accfad03279abcc35e4a6cab782.jpg,640,640,cars,271,266,305,308
im1_png.rf.43cf4accfad03279abcc35e4a6cab782.jpg,640,640,cars,316,257,350,293
im1_png.rf.43cf4accfad03279abcc35e4a6cab782.jpg,640,640,cars,245,237,275,279
im1_png.rf.43cf4accfad03279abcc35e4a6cab782.jpg,640,640,cars,268,210,287,235
im1_png.rf.43cf4accfad03279abcc35e4a6cab782.jpg,640,640,cars,548,205,574,244
im1_png.rf.43cf4accfad03279abcc35e4a6cab782.jpg,640,640,cars,512,198,538,229
im1_png.rf.43cf4accfad03279abcc35e4a6cab782.jpg,640,640,cars,503,184,520,214
im1_png.rf.43cf4accfad03279abcc35e4a6cab782.jpg,640,640,cars,280,559,366,640